model_term,value
intercept,2.4503776493442837
0,0.31027693698599779
1,0.69189068177485802
2,2.5097956430242547
