model_term,value
intercept,1.3866395395110385
0,0.6425537365170072
