model_term,value,mean,scale
intercept,-0.029951989875865011,1,1
0,-0.2201651123129042,-0.16171146434874742,0.15178947281849844
1,4.2868156755165057,-0.18391700729660712,0.1323703167700922
2,0.69780428980029563,-0.057774787246705483,0.053862044207891598
3,0.59702947818313534,-0.17001376785786021,0.14380002393396452
4,-0.40280834959251072,-0.14520519285894587,0.10504571436393305
5,-0.2272433694782241,-0.059067781929758929,0.057306512946843781
6,-3.0134916227128348,-0.088834062640209599,0.062387316961256517
