model_term,value
intercept,1.6538476052229094
0,6.6986020841209912
1,9.5042264390997087
2,-0.56662809577897244
3,2.1250913434658742
4,-5.9768391106093564
5,-6.5468049480525794
6,-9.6871318202902454
